muleID,startTime,endTime,numberOfRuns,filesRead,dataVolume,documentCalls,loadDuration,getResultDuration
0,1734094376369,1734094560641,19,2374,2754042,3558,116195,66277
1,1734094376411,1734094560759,19,2408,2804153,3609,115063,67539
2,1734094376444,1734094560670,19,2398,2789415,3594,115770,66700
3,1734094376419,1734094560756,19,2380,2762885,3567,116436,65796
4,1734094376418,1734094560768,18,2306,2693023,3456,114338,68794
5,1734094376419,1734094560649,18,2306,2693023,3456,114344,68365
6,1734094376419,1734094560798,18,2316,2707761,3471,114330,68750
7,1734094376358,1734094560654,18,2264,2631124,3393,116209,66376
8,1734094376366,1734094560599,17,2182,2549470,3270,115928,66592
9,1734094376355,1734094560823,18,2268,2637019,3399,115825,67235
10,1734094376426,1734094560599,18,2240,2597796,3357,114786,67530
11,1734094376419,1734094560829,18,2320,2713657,3477,114615,68188
12,1734094376368,1734094560836,18,2262,2628176,3390,115197,68085
13,1734094376360,1734094560753,18,2298,2681232,3444,115158,67870
14,1734094376360,1734094560824,18,2278,2651757,3414,115579,67473
15,1734094376359,1734094560823,17,2206,2584839,3306,115845,67053
16,1734094376355,1734094560847,17,2184,2552418,3273,116615,65268
17,1734094376362,1734094560799,17,2202,2578946,3300,116732,66188
18,1734094376418,1734094560639,19,2448,2863105,3669,115918,67026
19,1734094376370,1734094560766,19,2440,2851314,3657,116258,66681
20,1734094376363,1734094560643,20,2474,2896466,3708,115223,68054
21,1734094376366,1734094560756,20,2488,2899766,3729,114874,68157
22,1734094376391,1734094560755,19,2460,2880791,3687,115156,67863
23,1734094376370,1734094560759,19,2382,2765833,3570,116723,66166
24,1734094376373,1734094560823,18,2336,2737235,3501,113889,68388
25,1734094376353,1734094560670,18,2270,2639967,3402,115629,67604
26,1734094376368,1734094560830,18,2224,2594033,3333,116047,67022
27,1734094376365,1734094560837,18,2310,2698918,3462,115822,67165
28,1734094376359,1734094560649,17,2210,2590732,3312,116628,66380
29,1734094376418,1734094560636,17,2156,2511151,3231,116778,65491
30,1734094376426,1734094560675,18,2230,2595445,3342,115500,66498
31,1734094376395,1734094560817,18,2268,2637019,3399,115955,66936
32,1734094376419,1734094560766,18,2330,2728395,3492,114155,68528
33,1734094376371,1734094560809,18,2308,2695971,3459,115095,68078
34,1734094376367,1734094560598,17,2168,2528836,3249,117556,65430
35,1734094376366,1734094560850,18,2212,2591203,3315,116677,66549
36,1734094376365,1734094560773,18,2266,2634071,3396,114464,68258
37,1734094376358,1734094560826,18,2246,2604594,3366,115819,67154
38,1734094376390,1734094560801,20,2498,2902118,3744,115098,68040
39,1734094376376,1734094560756,20,2472,2895995,3705,115118,67834
40,1734094376356,1734094560774,18,2304,2690076,3453,117186,65244
41,1734094376358,1734094560762,19,2438,2848367,3654,115728,67056
42,1734094376357,1734094560650,19,2390,2777624,3582,116787,66205
43,1734094376357,1734094560751,20,2472,2895995,3705,114476,68506
44,1734094376361,1734094560596,18,2222,2593561,3330,115300,66277
45,1734094376371,1734094560675,18,2288,2666494,3429,115098,68110
46,1734094376364,1734094560768,18,2214,2591674,3318,115625,66699
47,1734094376353,1734094560653,18,2302,2687128,3450,115712,67505
48,1734094376362,1734094560650,18,2284,2660600,3423,113949,68162
49,1734094376354,1734094560801,18,2238,2597326,3354,116225,66712
50,1734094376370,1734094560820,18,2248,2607542,3369,115061,67354
51,1734094376360,1734094560834,18,2290,2669441,3432,114434,67891
52,1734094376370,1734094560768,18,2304,2690076,3453,113392,68944
53,1734094376371,1734094560765,18,2262,2628176,3390,115580,67165
54,1734094376370,1734094560650,18,2268,2637019,3399,115486,67457
55,1734094376365,1734094560596,18,2252,2613437,3375,114996,67282
56,1734094376409,1734094560836,18,2244,2601646,3363,114565,67817
57,1734094376390,1734094560652,18,2292,2672389,3435,114859,68097
58,1734094376390,1734094560639,19,2396,2786467,3591,115367,67448
59,1734094376429,1734094560643,19,2384,2768781,3573,116658,66273
60,1734094376444,1734094560799,19,2406,2801206,3606,116012,66761
61,1734094376430,1734094560834,20,2486,2899295,3726,115109,67789
62,1734094376388,1734094560801,19,2424,2827733,3633,116232,66739
63,1734094376419,1734094560655,19,2426,2830680,3636,115460,67253
64,1734094376388,1734094560822,18,2290,2669441,3432,114201,68738
65,1734094376356,1734094560771,18,2240,2598265,3360,115798,67202
66,1734094376352,1734094560596,18,2228,2594974,3339,115623,66745
67,1734094376425,1734094560817,18,2276,2648810,3411,115494,67732
68,1734094376425,1734094560654,17,2198,2573052,3294,116608,65561
69,1734094376429,1734094560823,18,2250,2610489,3372,115233,67622
70,1734094376419,1734094560800,18,2274,2645862,3408,114970,68005
71,1734094376418,1734094560650,18,2244,2601646,3363,115106,67478
72,1734094376429,1734094560799,18,2246,2604594,3366,115838,66914
73,1734094376418,1734094560830,18,2258,2622281,3384,116088,66817
74,1734094376409,1734094560821,18,2262,2628176,3390,115717,67207
75,1734094376429,1734094560763,17,2168,2528836,3249,117033,65578
76,1734094376402,1734094560830,17,2182,2549470,3270,116942,65706
77,1734094376409,1734094560812,18,2240,2597796,3357,116051,66908
78,1734094376376,1734094560649,19,2416,2815943,3621,115950,67073
79,1734094376375,1734094560756,19,2468,2892578,3699,116110,66896
80,1734094376386,1734094560645,19,2376,2756990,3561,116636,66159
81,1734094376386,1734094560648,19,2464,2886685,3693,115220,67649
82,1734094376371,1734094560652,19,2470,2895524,3702,114892,67748
83,1734094376371,1734094560814,20,2522,2932968,3780,115536,67267
84,1734094376369,1734094560807,18,2316,2707761,3471,115269,67714
85,1734094376371,1734094560800,18,2268,2637019,3399,115113,67844
86,1734094376369,1734094560850,18,2290,2669441,3432,116085,66788
87,1734094376367,1734094560821,18,2270,2639967,3402,115708,67264
88,1734094376370,1734094560635,17,2156,2511151,3231,117371,65096
89,1734094376366,1734094560599,17,2202,2578946,3300,116522,66165
90,1734094376370,1734094560768,18,2328,2725448,3489,114358,68095
91,1734094376366,1734094560823,18,2262,2628176,3390,115722,67499
92,1734094376366,1734094560752,18,2254,2616385,3378,116493,66506
93,1734094376366,1734094560749,18,2320,2713657,3477,114674,68234
94,1734094376367,1734094560838,18,2248,2607542,3369,115919,67140
95,1734094376366,1734094560847,17,2184,2552418,3273,117010,65506
96,1734094376363,1734094560655,18,2252,2613437,3375,115491,67602
97,1734094376367,1734094560751,18,2278,2651757,3414,115323,67708
98,1734094376367,1734094560817,19,2422,2824785,3630,116425,66654
99,1734094376362,1734094560758,19,2418,2818890,3624,115656,67196
100,1734094376362,1734094560848,19,2396,2786467,3591,115931,66485
101,1734094376363,1734094560816,19,2404,2798258,3603,115609,66904
102,1734094376361,1734094560644,19,2422,2824785,3630,115269,67271
103,1734094376361,1734094560795,19,2458,2877844,3684,115480,67775
104,1734094376361,1734094560763,18,2324,2719553,3483,114324,68612
105,1734094376361,1734094560825,18,2284,2660600,3423,116242,66941
106,1734094376361,1734094560815,18,2316,2707761,3471,115031,67946
107,1734094376360,1734094560821,18,2212,2591203,3315,117337,65710
108,1734094376360,1734094560803,18,2238,2597326,3354,116067,67087
109,1734094376358,1734094560859,18,2262,2628176,3390,114981,67782
110,1734094376358,1734094560771,18,2240,2598265,3360,115707,67180
111,1734094376358,1734094560824,18,2294,2675337,3438,116087,67165
112,1734094376357,1734094560815,18,2278,2651757,3414,115592,67506
113,1734094376356,1734094560768,18,2308,2695971,3459,113911,68220
114,1734094376356,1734094560841,17,2190,2561261,3282,116306,66488
115,1734094376357,1734094560675,18,2290,2669441,3432,114679,67830
116,1734094376355,1734094560650,18,2290,2669441,3432,115007,68098
117,1734094376354,1734094560683,18,2250,2610489,3372,115022,67913
118,1734094376356,1734094560754,20,2506,2909386,3756,114639,68303
119,1734094376352,1734094560654,19,2416,2815943,3621,115370,67526
120,1734094376353,1734094560768,20,2482,2898353,3720,114566,68147
121,1734094376357,1734094560756,20,2500,2902588,3747,115200,67800
122,1734094376353,1734094560649,20,2520,2930020,3777,114750,68035
123,1734094376354,1734094560815,19,2386,2771729,3576,116141,67021
124,1734094376354,1734094560650,18,2256,2619333,3381,116012,66916
125,1734094376355,1734094560831,18,2308,2695971,3459,114285,68443
126,1734094376418,1734094560835,18,2308,2695971,3459,115204,67832
127,1734094376354,1734094560764,18,2232,2595915,3345,116976,66258
128,1734094376354,1734094560760,18,2240,2598265,3360,116015,66874
129,1734094376353,1734094560819,17,2196,2570104,3291,116467,66755
130,1734094376354,1734094560819,18,2256,2619333,3381,113859,68462
131,1734094376353,1734094560826,18,2278,2651757,3414,115315,67779
132,1734094376353,1734094560827,19,2342,2743599,3510,113726,69347
133,1734094376356,1734094560653,18,2218,2592618,3324,116449,66324
134,1734094376353,1734094560852,18,2254,2616385,3378,114913,67467
135,1734094376353,1734094560767,17,2194,2567157,3288,117000,65560
136,1734094376354,1734094560812,17,2174,2537680,3258,117031,65409
137,1734094376355,1734094560848,18,2252,2613437,3375,116448,66793
138,1734094376358,1734094560765,19,2392,2780572,3585,116071,66892
139,1734094376355,1734094560836,19,2460,2880791,3687,115453,67517
140,1734094376356,1734094560654,19,2462,2883738,3690,115233,67788
141,1734094376357,1734094560669,19,2388,2774677,3579,116257,66161
142,1734094376358,1734094560599,19,2454,2871949,3678,115328,67100
143,1734094376358,1734094560764,20,2472,2895995,3705,114868,68025
144,1734094376358,1734094560842,18,2312,2701866,3465,115516,67470
145,1734094376358,1734094560822,18,2260,2625228,3387,115433,66759
146,1734094376358,1734094560811,18,2274,2645862,3408,114893,67370
147,1734094376359,1734094560849,17,2206,2584839,3306,116410,66227
148,1734094376360,1734094560770,18,2256,2619333,3381,115519,67122
149,1734094376359,1734094560834,18,2266,2634071,3396,115293,67814
150,1734094376359,1734094560768,18,2234,2596385,3348,115060,67108
151,1734094376360,1734094560658,18,2296,2678284,3441,114941,68133
152,1734094376363,1734094560814,18,2288,2666494,3429,115868,67207
153,1734094376360,1734094560830,18,2306,2693023,3456,114456,68455
154,1734094376360,1734094560801,17,2184,2552418,3273,116321,66307
155,1734094376361,1734094560655,18,2230,2595445,3342,115085,67168
156,1734094376361,1734094560800,17,2186,2555365,3276,116071,66582
157,1734094376361,1734094560745,18,2236,2596855,3351,114803,67518
158,1734094376361,1734094560753,19,2400,2792363,3597,116548,66081
159,1734094376362,1734094560646,19,2444,2857210,3663,114852,67899
160,1734094376361,1734094560642,19,2404,2798258,3603,116168,66939
161,1734094376361,1734094560762,19,2368,2749722,3549,116877,65978
162,1734094376363,1734094560802,19,2368,2749722,3549,116345,66556
163,1734094376365,1734094560818,19,2458,2877844,3684,115786,67217
164,1734094376369,1734094560822,18,2226,2594503,3336,116223,66656
165,1734094376365,1734094560824,18,2328,2725448,3489,115101,67559
166,1734094376362,1734094560593,18,2262,2628176,3390,116221,66507
167,1734094376367,1734094560825,18,2266,2634071,3396,115239,67280
168,1734094376362,1734094560741,17,2206,2584839,3306,116343,66171
169,1734094376364,1734094560820,18,2290,2669441,3432,114917,67745
170,1734094376363,1734094560822,18,2212,2591203,3315,116754,65961
171,1734094376363,1734094560815,18,2336,2737235,3501,114086,68157
172,1734094376363,1734094560821,19,2350,2745486,3522,114034,68734
173,1734094376363,1734094560653,18,2310,2698918,3462,114539,68012
174,1734094376363,1734094560829,18,2222,2593561,3330,115945,67124
175,1734094376365,1734094560761,18,2268,2637019,3399,114947,67693
176,1734094376365,1734094560803,17,2174,2537680,3258,117309,65627
177,1734094376366,1734094560652,17,2184,2552418,3273,116487,65940
178,1734094376366,1734094560812,19,2384,2768781,3573,116631,66068
179,1734094376366,1734094560641,19,2392,2780572,3585,116534,65846
180,1734094376367,1734094560755,20,2482,2898353,3720,115295,67484
181,1734094376367,1734094560645,19,2374,2754042,3558,115941,66622
182,1734094376368,1734094560681,19,2414,2812996,3618,115827,67069
183,1734094376368,1734094560761,20,2504,2906438,3753,114669,68227
184,1734094376369,1734094560599,18,2298,2681232,3444,114201,68665
185,1734094376371,1734094560655,18,2280,2654705,3417,115219,67475
186,1734094376369,1734094560768,18,2270,2639967,3402,115806,67129
187,1734094376371,1734094560596,18,2270,2639967,3402,115298,67371
188,1734094376371,1734094560825,17,2196,2570104,3291,115576,66024
189,1734094376371,1734094560638,18,2240,2598265,3360,116124,66487
190,1734094376371,1734094560763,18,2314,2704814,3468,115188,67847
191,1734094376372,1734094560677,18,2228,2594974,3339,116187,66731
192,1734094376371,1734094560822,19,2352,2745957,3525,114069,69148
193,1734094376371,1734094560819,18,2244,2601646,3363,115953,67267
194,1734094376372,1734094560597,18,2228,2594974,3339,116007,67008
195,1734094376372,1734094560800,18,2246,2604594,3366,115656,66829
196,1734094376372,1734094560816,17,2178,2543575,3264,116981,65511
197,1734094376374,1734094560818,17,2158,2514098,3234,117367,65165
198,1734094376386,1734094560599,19,2426,2830680,3636,115703,67083
199,1734094376386,1734094560756,19,2422,2824785,3630,115997,66736
200,1734094376386,1734094560828,20,2514,2921177,3768,115762,67060
201,1734094376376,1734094560757,19,2396,2786467,3591,116080,66462
202,1734094376376,1734094560760,20,2506,2909386,3756,114688,67905
203,1734094376410,1734094560838,19,2418,2818890,3624,115769,67040
204,1734094376410,1734094560817,18,2340,2743128,3507,113459,68997
205,1734094376386,1734094560821,18,2292,2672389,3435,115129,67691
206,1734094376410,1734094560818,18,2292,2672389,3435,116069,67076
207,1734094376410,1734094560816,18,2238,2597326,3354,116499,66708
208,1734094376402,1734094560751,17,2188,2558313,3279,116644,65856
209,1734094376400,1734094560836,17,2172,2534732,3255,116441,66066
210,1734094376389,1734094560837,18,2228,2594974,3339,116158,66724
211,1734094376386,1734094560800,18,2326,2722500,3486,114167,68704
212,1734094376387,1734094560832,19,2350,2745486,3522,113509,69002
213,1734094376389,1734094560836,18,2218,2592618,3324,116796,65685
214,1734094376429,1734094560800,17,2182,2549470,3270,116611,65689
215,1734094376389,1734094560832,18,2286,2663547,3426,115432,67384
216,1734094376389,1734094560832,18,2274,2645862,3408,116090,66993
217,1734094376390,1734094560801,18,2238,2597326,3354,115983,66942
218,1734094376390,1734094560756,19,2410,2807101,3612,116097,66607
219,1734094376390,1734094560654,19,2358,2747370,3534,115785,66833
220,1734094376391,1734094560832,19,2448,2863105,3669,115842,66954
221,1734094376391,1734094560853,19,2404,2798258,3603,116794,65968
222,1734094376391,1734094560762,19,2456,2874896,3681,115910,67429
223,1734094376418,1734094560832,19,2394,2783520,3588,115928,66518
224,1734094376419,1734094560670,18,2300,2684180,3447,115350,67747
225,1734094376418,1734094560596,18,2300,2684180,3447,114533,67982
226,1734094376418,1734094560829,18,2216,2592146,3321,116155,66314
227,1734094376402,1734094560636,17,2174,2537680,3258,116769,65957
228,1734094376402,1734094560765,18,2286,2663547,3426,114985,68040
229,1734094376409,1734094560675,18,2290,2669441,3432,114983,67898
230,1734094376417,1734094560657,19,2360,2747841,3537,113704,68881
231,1734094376417,1734094560823,18,2310,2698918,3462,114214,68608
232,1734094376412,1734094560836,18,2326,2722500,3486,114050,68958
233,1734094376411,1734094560829,18,2304,2690076,3453,115186,67651
234,1734094376409,1734094560820,17,2160,2517045,3237,116646,65755
235,1734094376409,1734094560599,18,2322,2716605,3480,114284,68708
236,1734094376444,1734094560740,17,2178,2543575,3264,116897,65694
237,1734094376409,1734094560742,18,2214,2591674,3318,117065,65880
238,1734094376410,1734094560753,19,2422,2824785,3630,116377,66486
239,1734094376410,1734094560759,19,2386,2771729,3576,116117,66407
240,1734094376410,1734094560810,19,2406,2801206,3606,116394,66507
241,1734094376444,1734094560642,19,2404,2798258,3603,116534,66218
242,1734094376410,1734094560758,20,2472,2895995,3705,114683,68048
243,1734094376411,1734094560763,19,2396,2786467,3591,115636,66962
244,1734094376411,1734094560825,18,2228,2594974,3339,116163,66895
245,1734094376444,1734094560817,18,2332,2731342,3495,114349,68425
246,1734094376444,1734094560791,18,2262,2628176,3390,115186,67497
247,1734094376418,1734094560800,18,2286,2663547,3426,115366,67510
248,1734094376420,1734094560803,18,2278,2651757,3414,114587,67981
249,1734094376429,1734094560850,18,2232,2595915,3345,116705,66363
250,1734094376423,1734094560831,18,2320,2713657,3477,115224,67886
251,1734094376429,1734094560650,19,2344,2744070,3513,114611,68432
252,1734094376423,1734094560740,18,2334,2734289,3498,114243,68636
253,1734094376423,1734094560594,18,2234,2596385,3348,116480,66488
254,1734094376425,1734094560824,17,2162,2519993,3240,117542,64987
255,1734094376426,1734094560786,17,2206,2584839,3306,117079,65805
256,1734094376426,1734094560802,18,2240,2597796,3357,115596,67472
257,1734094376426,1734094560661,17,2190,2561261,3282,116081,66248
258,1734094376429,1734094560753,19,2376,2756990,3561,116169,66416
259,1734094376445,1734094560649,19,2470,2895524,3702,115674,67144
260,1734094376445,1734094560759,19,2450,2866053,3672,115177,67966
261,1734094376430,1734094560760,19,2388,2774677,3579,116895,66100
262,1734094376430,1734094560651,19,2458,2877844,3684,115709,67006
263,1734094376445,1734094560695,20,2512,2918229,3765,115297,67349
264,1734094376445,1734094560828,18,2222,2593561,3330,116303,66763
265,1734094376430,1734094560649,18,2310,2698918,3462,115040,67620
266,1734094376430,1734094560650,18,2224,2594033,3333,116495,66804
267,1734094376431,1734094560827,18,2292,2672389,3435,115069,67772
268,1734094376431,1734094560814,18,2246,2604594,3366,115678,67198
269,1734094376444,1734094560834,18,2214,2591674,3318,116465,66696
270,1734094376444,1734094560763,18,2240,2598265,3360,116030,66888
271,1734094376445,1734094560812,18,2268,2637019,3399,115389,67405
272,1734094376445,1734094560649,18,2330,2728395,3492,114372,68459
273,1734094376445,1734094560812,18,2248,2607542,3369,114987,67716
274,1734094376445,1734094560820,17,2182,2549470,3270,116924,65919
275,1734094376445,1734094560801,18,2258,2622281,3384,116038,66696
276,1734094376445,1734094560747,18,2226,2594503,3336,114646,67173
277,1734094376445,1734094560655,18,2240,2597796,3357,116197,66806
278,1734094376446,1734094560644,19,2440,2851314,3657,116003,66925
279,1734094376446,1734094560768,19,2448,2863105,3669,115152,67475
280,1734094376446,1734094560839,19,2362,2748311,3540,116325,66663
281,1734094376446,1734094560635,19,2370,2750192,3552,116621,65869
282,1734094376446,1734094560834,19,2430,2836576,3642,114735,68002
283,1734094376471,1734094560640,19,2444,2857210,3663,115515,67415
284,1734094376472,1734094560829,18,2226,2594503,3336,116589,66320
285,1734094376472,1734094560822,18,2252,2613437,3375,115605,67279
286,1734094376475,1734094560675,18,2334,2734289,3498,113806,68787
287,1734094376474,1734094560817,17,2172,2534732,3255,117041,65409
288,1734094376474,1734094560834,18,2300,2684180,3447,114066,68397
289,1734094376474,1734094560836,17,2208,2587786,3309,116406,66068
290,1734094376482,1734094560814,18,2250,2610489,3372,116202,66705
291,1734094376481,1734094560764,19,2352,2745957,3525,113886,68735
292,1734094376485,1734094560645,17,2202,2578946,3300,116276,65741
293,1734094376482,1734094560653,18,2248,2607542,3369,116280,66320
294,1734094376482,1734094560831,17,2178,2543575,3264,116530,66230
295,1734094376482,1734094560768,17,2172,2534732,3255,116778,65876
296,1734094376482,1734094560825,18,2238,2597326,3354,115497,67317
297,1734094376482,1734094560811,18,2236,2596855,3351,115557,67460
298,1734094376483,1734094560827,19,2388,2774677,3579,116279,66538
299,1734094376483,1734094560763,19,2366,2749251,3546,117233,65677
300,1734094376482,1734094560659,19,2412,2810049,3615,115581,66727
301,1734094376484,1734094560761,19,2408,2804153,3609,116326,66496
302,1734094376483,1734094560651,19,2458,2877844,3684,115563,67449
303,1734094376484,1734094560648,20,2506,2909386,3756,115106,67889
304,1734094376484,1734094560815,18,2310,2698918,3462,114087,68771
305,1734094376484,1734094560823,18,2306,2693023,3456,113598,68845
306,1734094376483,1734094560799,18,2308,2695971,3459,114945,67887
307,1734094376483,1734094560846,18,2284,2660600,3423,115300,67642
308,1734094376484,1734094560829,18,2282,2657653,3420,114907,67832
309,1734094376484,1734094560839,18,2214,2591674,3318,116291,66250
310,1734094376484,1734094560773,18,2296,2678284,3441,115078,67822
311,1734094376484,1734094560635,18,2236,2596855,3351,115607,67067
312,1734094376484,1734094560655,18,2308,2695971,3459,114303,67872
313,1734094376484,1734094560760,18,2298,2681232,3444,115285,67379
314,1734094376484,1734094560773,18,2252,2613437,3375,114827,67538
315,1734094376485,1734094560635,18,2280,2654705,3417,115319,67249
316,1734094376485,1734094560826,18,2274,2645862,3408,115656,67110
317,1734094376485,1734094560641,18,2258,2622281,3384,114686,68325
318,1734094376485,1734094560658,19,2466,2889631,3696,115515,67623
319,1734094376485,1734094560753,19,2408,2804153,3609,116307,66389
320,1734094376485,1734094560765,19,2450,2866053,3672,116206,66615
321,1734094376485,1734094560761,20,2480,2897882,3717,115036,67598
322,1734094376486,1734094560762,19,2396,2786467,3591,116244,66493
323,1734094376486,1734094560638,19,2402,2795311,3600,114976,67693
324,1734094376485,1734094560829,18,2320,2713657,3477,114453,68811
325,1734094376486,1734094560820,18,2222,2593561,3330,115651,67080
326,1734094376486,1734094560650,18,2250,2610489,3372,115672,67219
327,1734094376487,1734094560835,18,2278,2651757,3414,115274,67923
328,1734094376487,1734094560820,17,2210,2590732,3312,116265,66687
329,1734094376487,1734094560868,18,2214,2591674,3318,116860,65842
330,1734094376488,1734094560814,18,2332,2731342,3495,113991,68681
331,1734094376488,1734094560819,18,2284,2660600,3423,115256,67854
332,1734094376488,1734094560831,18,2336,2737235,3501,113835,68764
333,1734094376488,1734094560593,18,2326,2722500,3486,114655,68049
334,1734094376489,1734094560741,18,2250,2610489,3372,115146,67538
335,1734094376489,1734094560824,17,2192,2564209,3285,115673,66647
336,1734094376490,1734094560801,18,2252,2613437,3375,115764,66972
337,1734094376490,1734094560791,18,2262,2628176,3390,115636,67406
338,1734094376490,1734094560761,19,2376,2756990,3561,116501,65976
339,1734094376490,1734094560758,19,2374,2754042,3558,116680,66066
340,1734094376491,1734094560751,20,2482,2898353,3720,114932,68152
341,1734094376491,1734094560759,20,2486,2899295,3726,114403,68255
342,1734094376491,1734094560832,20,2480,2897882,3717,114793,67854
343,1734094376491,1734094560754,19,2414,2812996,3618,115432,67238
344,1734094376493,1734094560814,18,2308,2695971,3459,115533,67322
345,1734094376493,1734094560841,18,2244,2601646,3363,115278,67119
346,1734094376493,1734094560834,18,2212,2591203,3315,115257,66553
347,1734094376494,1734094560746,18,2248,2607542,3369,116423,66511
348,1734094376498,1734094560794,17,2186,2555365,3276,116876,65756
349,1734094376500,1734094560823,18,2272,2642915,3405,115012,68150
350,1734094376523,1734094560799,18,2316,2707761,3471,113871,68674
351,1734094376523,1734094560870,18,2268,2637019,3399,114750,68235
352,1734094376524,1734094560815,18,2244,2601646,3363,115832,67468
353,1734094376523,1734094560669,18,2276,2648810,3411,114544,68141
354,1734094376524,1734094560841,18,2286,2663547,3426,115615,67427
355,1734094376524,1734094560647,18,2262,2628176,3390,115882,66903
356,1734094376524,1734094560598,17,2196,2570104,3291,116809,65754
357,1734094376524,1734094560652,17,2192,2564209,3285,116074,66783
358,1734094376524,1734094560755,19,2402,2795311,3600,115875,66740
359,1734094376524,1734094560758,19,2414,2812996,3618,116535,66332
360,1734094376524,1734094560762,19,2452,2869001,3675,115366,67217
361,1734094376524,1734094560754,19,2456,2874896,3681,115497,67158
362,1734094376524,1734094560597,20,2474,2896466,3708,115394,67701
363,1734094376524,1734094560755,20,2482,2898353,3720,115392,67571
364,1734094376524,1734094560825,18,2274,2645862,3408,114676,67949
365,1734094376525,1734094560793,17,2198,2573052,3294,116765,65381
366,1734094376524,1734094560771,18,2240,2598265,3360,115863,66686
367,1734094376525,1734094560794,18,2286,2663547,3426,115788,67002
368,1734094376525,1734094560650,18,2282,2657653,3420,114959,68367
369,1734094376525,1734094560770,17,2160,2517045,3237,116932,65543
370,1734094376532,1734094560650,18,2264,2631124,3393,116330,66526
371,1734094376525,1734094560824,18,2232,2595915,3345,115929,66780
372,1734094376534,1734094560767,18,2280,2654705,3417,115544,67065
373,1734094376534,1734094560826,18,2262,2628176,3390,114670,68169
374,1734094376533,1734094560599,18,2260,2625228,3387,115286,67464
375,1734094376531,1734094560594,18,2270,2639967,3402,116155,66761
376,1734094376536,1734094560803,17,2192,2564209,3285,116483,66097
377,1734094376533,1734094560834,18,2240,2597796,3357,115312,67486
378,1734094376534,1734094560670,19,2426,2830680,3636,116217,66589
379,1734094376533,1734094560598,19,2442,2854262,3660,114810,67617
380,1734094376534,1734094560802,19,2376,2756990,3561,116777,66013
381,1734094376533,1734094560695,19,2410,2807101,3612,116526,66432
382,1734094376533,1734094560823,19,2450,2866053,3672,116128,66706
383,1734094376533,1734094560748,19,2418,2818890,3624,115675,67009
384,1734094376536,1734094560832,18,2312,2701866,3465,113526,69067
385,1734094376536,1734094560838,18,2214,2591674,3318,116396,65800
386,1734094376536,1734094560815,18,2250,2610489,3372,115325,67332
387,1734094376535,1734094560829,17,2206,2584839,3306,115707,65698
388,1734094376536,1734094560767,17,2200,2575999,3297,115922,66415
389,1734094376536,1734094560636,17,2176,2540627,3261,116349,65593
390,1734094376536,1734094560670,18,2232,2595915,3345,116044,66963
391,1734094376536,1734094560814,18,2238,2597326,3354,115454,67143
392,1734094376536,1734094560768,18,2284,2660600,3423,115318,67312
393,1734094376536,1734094560855,18,2276,2648810,3411,114975,67854
394,1734094376537,1734094560803,17,2186,2555365,3276,116861,65875
395,1734094376538,1734094560650,17,2176,2540627,3261,116418,65797
396,1734094376537,1734094560837,18,2238,2597326,3354,115432,67182
397,1734094376538,1734094560598,17,2168,2528836,3249,117012,65514
398,1734094376538,1734094560764,19,2358,2747370,3534,116623,65641
399,1734094376538,1734094560767,20,2472,2895995,3705,115169,67808
400,1734094376538,1734094560646,19,2376,2756990,3561,116710,65813
401,1734094376538,1734094560646,19,2398,2789415,3594,116403,66189
402,1734094376538,1734094560759,18,2322,2716605,3480,116968,65607
403,1734094376538,1734094560645,19,2358,2747370,3534,115817,66309
404,1734094376539,1734094560822,18,2244,2601646,3363,116439,66807
405,1734094376539,1734094560768,18,2236,2596855,3351,115237,67364
406,1734094376539,1734094560759,18,2294,2675337,3438,115076,67700
407,1734094376539,1734094560652,18,2220,2593090,3327,116840,66116
408,1734094376539,1734094560822,18,2250,2610489,3372,114978,67807
409,1734094376540,1734094560832,18,2264,2631124,3393,115677,67409
410,1734094376539,1734094560657,18,2300,2684180,3447,114586,68235
411,1734094376539,1734094560807,18,2286,2663547,3426,114377,68098
412,1734094376541,1734094560853,18,2244,2601646,3363,115545,66985
413,1734094376540,1734094560809,18,2302,2687128,3450,114366,68328
414,1734094376542,1734094560655,17,2192,2564209,3285,116659,66085
415,1734094376540,1734094560675,18,2214,2591674,3318,116360,66320
416,1734094376541,1734094560593,18,2280,2654705,3417,114677,67594
417,1734094376539,1734094560800,18,2250,2610489,3372,115823,67076
418,1734094376542,1734094560799,19,2440,2851314,3657,116138,66850
419,1734094376541,1734094560643,19,2454,2871949,3678,115103,67450
420,1734094376540,1734094560643,19,2420,2821837,3627,115631,67259
421,1734094376541,1734094560753,19,2470,2895524,3702,115404,67372
422,1734094376540,1734094560635,19,2404,2798258,3603,116171,66277
423,1734094376540,1734094560753,19,2430,2836576,3642,115347,67147
424,1734094376540,1734094560658,18,2262,2628176,3390,115575,67137
425,1734094376540,1734094560817,18,2290,2669441,3432,115617,67216
426,1734094376541,1734094560798,18,2294,2675337,3438,114044,68357
427,1734094376541,1734094560651,17,2188,2558313,3279,117300,65339
428,1734094376540,1734094560824,18,2234,2596385,3348,114921,66861
429,1734094376541,1734094560834,18,2286,2663547,3426,115952,66960
430,1734094376548,1734094560829,18,2274,2645862,3408,115244,67752
431,1734094376541,1734094560655,18,2286,2663547,3426,114989,67899
432,1734094376540,1734094560814,18,2300,2684180,3447,115090,67576
433,1734094376548,1734094560745,18,2216,2592146,3321,116610,65896
434,1734094376540,1734094560832,17,2182,2549470,3270,117304,65243
435,1734094376541,1734094560813,17,2156,2511151,3231,116771,65424
436,1734094376548,1734094560816,17,2206,2584839,3306,116816,65985
437,1734094376548,1734094560830,17,2188,2558313,3279,117626,65280
438,1734094376545,1734094560670,19,2404,2798258,3603,115651,66929
439,1734094376545,1734094560832,19,2412,2810049,3615,115944,66477
440,1734094376545,1734094560657,19,2382,2765833,3570,116136,66030
441,1734094376545,1734094560644,19,2384,2768781,3573,115493,66745
442,1734094376541,1734094560750,19,2396,2786467,3591,117002,66018
443,1734094376544,1734094560822,20,2482,2898353,3720,115409,67189
444,1734094376544,1734094560822,18,2254,2616385,3378,115612,67097
445,1734094376541,1734094560675,18,2284,2660600,3423,114955,68214
446,1734094376544,1734094560839,19,2366,2749251,3546,113005,69109
447,1734094376544,1734094560834,17,2186,2555365,3276,116079,65749
448,1734094376544,1734094560800,18,2292,2672389,3435,114914,67693
449,1734094376550,1734094560657,18,2240,2597796,3357,116025,66781
450,1734094376544,1734094560649,18,2286,2663547,3426,114997,67707
451,1734094376544,1734094560810,18,2290,2669441,3432,115233,67642
452,1734094376543,1734094560809,18,2308,2695971,3459,114223,68687
453,1734094376544,1734094560814,18,2274,2645862,3408,115714,67192
454,1734094376563,1734094560834,18,2232,2595915,3345,115664,67385
455,1734094376541,1734094560683,17,2184,2552418,3273,117367,65638
456,1734094376543,1734094560829,18,2254,2616385,3378,115780,67095
457,1734094376542,1734094560830,17,2192,2564209,3285,116489,65751
458,1734094376542,1734094560756,19,2416,2815943,3621,115506,66967
459,1734094376542,1734094560760,19,2396,2786467,3591,116434,66263
460,1734094376542,1734094560599,19,2348,2745014,3519,115633,66294
461,1734094376588,1734094560810,19,2398,2789415,3594,115994,66079
462,1734094376568,1734094560637,19,2374,2754042,3558,116858,65968
463,1734094376565,1734094560841,19,2462,2883738,3690,114812,67874
464,1734094376566,1734094560766,18,2274,2645862,3408,115717,67055
465,1734094376567,1734094560689,18,2238,2597326,3354,114633,67786
466,1734094376567,1734094560841,18,2222,2593561,3330,117042,65605
467,1734094376565,1734094560655,17,2196,2570104,3291,116457,66219
468,1734094376565,1734094560649,17,2194,2567157,3288,116761,65678
469,1734094376565,1734094560599,18,2220,2593090,3327,116481,66226
470,1734094376543,1734094560804,18,2308,2695971,3459,115272,67406
471,1734094376543,1734094560798,18,2302,2687128,3450,114987,68042
472,1734094376564,1734094560815,18,2250,2610489,3372,115076,66746
473,1734094376565,1734094560817,17,2206,2584839,3306,116724,65937
474,1734094376543,1734094560835,18,2244,2601646,3363,116054,66644
475,1734094376564,1734094560659,18,2212,2591203,3315,116227,66225
476,1734094376563,1734094560789,17,2174,2537680,3258,116059,66287
477,1734094376563,1734094560775,17,2196,2570104,3291,117017,65521
478,1734094376558,1734094560763,19,2404,2798258,3603,116279,66306
479,1734094376543,1734094560756,19,2434,2842472,3648,115907,66826
480,1734094376543,1734094560595,19,2352,2745957,3525,116077,66337
481,1734094376558,1734094560835,19,2452,2869001,3675,115377,67601
482,1734094376557,1734094560800,19,2404,2798258,3603,115827,66785
483,1734094376543,1734094560759,19,2376,2756990,3561,116076,66185
484,1734094376543,1734094560849,18,2262,2628176,3390,116311,66382
485,1734094376557,1734094560827,18,2320,2713657,3477,115159,67536
486,1734094376544,1734094560832,18,2270,2639967,3402,114519,68301
487,1734094376552,1734094560768,17,2166,2525888,3246,116479,65638
488,1734094376551,1734094560851,18,2234,2596385,3348,116407,66208
489,1734094376544,1734094560860,17,2180,2546522,3267,116789,65637
490,1734094376553,1734094560876,18,2240,2598265,3360,115921,66379
491,1734094376554,1734094560838,18,2326,2722500,3486,114336,68057
492,1734094376552,1734094560768,18,2218,2592618,3324,115548,67124
493,1734094376551,1734094560682,18,2280,2654705,3417,114748,68056
494,1734094376550,1734094560640,17,2174,2537680,3258,117521,64959
495,1734094376544,1734094560827,18,2214,2591674,3318,116126,66580
496,1734094376550,1734094560836,17,2190,2561261,3282,116304,66611
497,1734094376544,1734094560820,17,2208,2587786,3309,116127,66468
498,1734094376544,1734094560827,20,2476,2896938,3711,115241,67692
499,1734094376544,1734094560838,19,2470,2895524,3702,115425,67519
500,1734094376577,1734094560829,19,2376,2756990,3561,115901,66362
501,1734094376546,1734094560754,19,2464,2886685,3693,114791,67822
502,1734094376545,1734094560647,19,2404,2798258,3603,115624,66786
503,1734094376545,1734094560647,19,2410,2807101,3612,115411,67161
504,1734094376545,1734094560675,17,2210,2590732,3312,116210,66083
505,1734094376548,1734094560828,18,2256,2619333,3381,115723,67178
506,1734094376550,1734094560661,18,2298,2681232,3444,113803,68616
507,1734094376547,1734094560743,17,2188,2558313,3279,116391,65405
508,1734094376548,1734094560842,18,2218,2592618,3324,116512,66122
509,1734094376550,1734094560773,17,2208,2587786,3309,116121,66440
510,1734094376578,1734094560837,18,2256,2619333,3381,116026,66765
511,1734094376558,1734094560842,18,2276,2648810,3411,115338,67275
512,1734094376549,1734094560815,18,2250,2610489,3372,115260,67107
513,1734094376576,1734094560852,18,2292,2672389,3435,114882,67970
514,1734094376550,1734094560764,18,2216,2592146,3321,116390,66428
515,1734094376550,1734094560826,18,2268,2637019,3399,115136,67458
516,1734094376579,1734094560823,17,2206,2584839,3306,115635,66175
517,1734094376548,1734094560635,17,2196,2570104,3291,117229,65407
518,1734094376579,1734094560810,19,2390,2777624,3582,115179,67078
519,1734094376551,1734094560802,19,2388,2774677,3579,116806,65804
520,1734094376550,1734094560754,19,2370,2750192,3552,116414,65994
521,1734094376551,1734094560758,19,2408,2804153,3609,115897,66455
522,1734094376576,1734094560759,19,2388,2774677,3579,116989,65654
523,1734094376578,1734094560766,19,2366,2749251,3546,115984,66386
524,1734094376577,1734094560841,18,2236,2596855,3351,115609,66860
525,1734094376551,1734094560635,18,2288,2666494,3429,115837,66993
526,1734094376552,1734094560768,18,2230,2595445,3342,115421,67395
527,1734094376551,1734094560841,17,2192,2564209,3285,116297,65861
528,1734094376576,1734094560834,18,2224,2594033,3333,115574,66915
529,1734094376551,1734094560651,18,2284,2660600,3423,114630,67643
530,1734094376553,1734094560829,18,2296,2678284,3441,115033,67750
531,1734094376553,1734094560652,18,2300,2684180,3447,114639,67594
532,1734094376579,1734094560815,18,2276,2648810,3411,114531,68034
533,1734094376573,1734094560767,18,2240,2598265,3360,115336,66696
534,1734094376576,1734094560811,17,2196,2570104,3291,115944,66767
535,1734094376573,1734094560862,18,2212,2591203,3315,117185,65778
536,1734094376554,1734094560599,18,2236,2596855,3351,114550,67773
537,1734094376582,1734094560597,17,2200,2575999,3297,115530,65857
538,1734094376555,1734094560835,19,2446,2860157,3666,115521,66971
539,1734094376572,1734094560754,19,2416,2815943,3621,115157,67543
540,1734094376572,1734094560658,19,2426,2830680,3636,115896,66676
541,1734094376572,1734094560756,19,2462,2883738,3690,115498,67367
542,1734094376555,1734094560773,19,2418,2818890,3624,115711,66754
543,1734094376555,1734094560819,19,2398,2789415,3594,116540,66166
544,1734094376557,1734094560652,18,2278,2651757,3414,114600,67543
545,1734094376572,1734094560652,18,2272,2642915,3405,114924,67309
546,1734094376557,1734094560594,18,2228,2594974,3339,116798,65909
547,1734094376558,1734094560670,17,2206,2584839,3306,115889,66325
548,1734094376562,1734094560824,17,2196,2570104,3291,116997,65874
549,1734094376572,1734094560832,18,2256,2619333,3381,115311,67300
550,1734094376572,1734094560596,17,2202,2578946,3300,116315,66182
551,1734094376571,1734094560834,18,2236,2596855,3351,115538,67106
552,1734094376571,1734094560825,18,2256,2619333,3381,115393,67212
553,1734094376570,1734094560751,18,2214,2591674,3318,117168,65459
554,1734094376570,1734094560653,18,2252,2613437,3375,115880,66509
555,1734094376564,1734094560640,19,2462,2883738,3690,115158,67520
556,1734094376564,1734094560683,19,2392,2780572,3585,116548,66146
557,1734094376564,1734094560755,19,2426,2830680,3636,116027,66860
558,1734094376569,1734094560644,19,2396,2786467,3591,116020,66694
559,1734094376568,1734094560644,19,2414,2812996,3618,115478,67004
560,1734094376564,1734094560814,19,2400,2792363,3597,115906,66772
561,1734094376568,1734094560815,18,2250,2610489,3372,114864,67667
562,1734094376564,1734094560819,18,2296,2678284,3441,115264,67308
563,1734094376584,1734094560811,18,2238,2597326,3354,115949,66636
564,1734094376568,1734094560842,17,2164,2522941,3243,117153,65202
565,1734094376568,1734094560824,17,2202,2578946,3300,116839,66016
566,1734094376568,1734094560835,17,2198,2573052,3294,116272,66218
567,1734094376567,1734094560838,17,2208,2587786,3309,115051,65812
568,1734094376565,1734094560815,18,2282,2657653,3420,114931,67793
569,1734094376588,1734094560818,18,2300,2684180,3447,114678,68000
570,1734094376567,1734094560677,18,2294,2675337,3438,114653,67832
571,1734094376565,1734094560838,17,2156,2511151,3231,117167,65121
572,1734094376586,1734094560838,17,2170,2531784,3252,116841,65605
573,1734094376566,1734094560834,18,2218,2592618,3324,116105,66485
574,1734094376566,1734094560830,18,2240,2597796,3357,116012,66909
575,1734094376566,1734094560756,19,2364,2748781,3543,116017,66321
576,1734094376567,1734094560635,19,2446,2860157,3666,114551,67753
577,1734094376567,1734094560651,19,2408,2804153,3609,115193,67318
578,1734094376567,1734094560830,18,2312,2701866,3465,116332,66224
579,1734094376566,1734094560802,19,2368,2749722,3549,117058,65366
580,1734094376587,1734094560801,19,2374,2754042,3558,115768,66735
581,1734094376567,1734094560670,18,2240,2597796,3357,116102,66732
582,1734094376567,1734094560764,18,2290,2669441,3432,115330,67252
583,1734094376587,1734094560809,18,2250,2610489,3372,115756,67029
584,1734094376587,1734094560768,17,2200,2575999,3297,115951,66867
585,1734094376587,1734094560839,18,2244,2601646,3363,115545,66965
586,1734094376567,1734094560827,17,2162,2519993,3240,117416,65155
587,1734094376587,1734094560764,18,2324,2719553,3483,114943,67661
588,1734094376588,1734094560640,18,2270,2639967,3402,114314,68115
589,1734094376567,1734094560828,18,2294,2675337,3438,115542,67594
590,1734094376585,1734094560816,18,2250,2610489,3372,115363,67143
591,1734094376585,1734094560836,18,2216,2592146,3321,115215,66948
592,1734094376568,1734094560647,17,2182,2549470,3270,116430,65877
593,1734094376568,1734094560648,17,2160,2517045,3237,115796,66766
594,1734094376568,1734094560850,17,2194,2567157,3288,114955,66529
595,1734094376570,1734094560638,19,2388,2774677,3579,115721,66378
596,1734094376584,1734094560751,19,2404,2798258,3603,115797,66831
597,1734094376584,1734094560757,19,2380,2762885,3567,115878,66646
598,1734094376568,1734094560823,19,2434,2842472,3648,115963,66414
599,1734094376568,1734094560839,19,2396,2786467,3591,116250,66392
600,1734094376569,1734094560646,19,2446,2860157,3666,115286,67326
601,1734094376591,1734094560828,18,2290,2669441,3432,114226,68350
602,1734094376569,1734094560764,18,2252,2613437,3375,114773,67353
603,1734094376593,1734094560823,18,2282,2657653,3420,114607,67944
604,1734094376569,1734094560642,17,2178,2543575,3264,116102,65531
605,1734094376583,1734094560824,17,2180,2546522,3267,116315,66033
606,1734094376583,1734094560829,18,2236,2596855,3351,115882,66842
607,1734094376571,1734094560644,18,2218,2592618,3324,116940,65631
608,1734094376571,1734094560837,18,2246,2604594,3366,115293,66435
609,1734094376594,1734094560635,18,2292,2672389,3435,114931,67549
610,1734094376595,1734094560761,17,2210,2590732,3312,116022,66616
611,1734094376571,1734094560835,17,2188,2558313,3279,116468,65909
612,1734094376593,1734094560828,17,2178,2543575,3264,116386,65790
613,1734094376583,1734094560834,17,2180,2546522,3267,114591,65828
614,1734094376571,1734094560598,17,2166,2525888,3246,116125,66168
615,1734094376571,1734094560766,20,2496,2901647,3741,115290,67130
616,1734094376571,1734094560758,19,2374,2754042,3558,115517,66825
617,1734094376571,1734094560597,19,2422,2824785,3630,116086,66400
618,1734094376583,1734094560760,19,2460,2880791,3687,115193,67318
619,1734094376571,1734094560657,19,2396,2786467,3591,116467,66028
620,1734094376572,1734094560640,19,2398,2789415,3594,116010,66703
621,1734094376572,1734094560798,18,2234,2596385,3348,115387,66814
622,1734094376583,1734094560799,18,2246,2604594,3366,114927,67587
623,1734094376572,1734094560831,18,2324,2719553,3483,113435,69208
624,1734094376582,1734094560598,17,2196,2570104,3291,117053,65663
625,1734094376572,1734094560800,18,2238,2597326,3354,115235,66868
626,1734094376582,1734094560652,17,2158,2514098,3234,116694,65671
627,1734094376595,1734094560763,18,2258,2622281,3384,115354,67401
628,1734094376574,1734094560653,18,2258,2622281,3384,115070,67167
629,1734094376576,1734094560818,18,2238,2597326,3354,114954,67047
630,1734094376582,1734094560818,18,2298,2681232,3444,114295,68554
631,1734094376582,1734094560597,17,2176,2540627,3261,115139,65959
632,1734094376581,1734094560594,17,2208,2587786,3309,116292,65971
633,1734094376596,1734094560820,17,2172,2534732,3255,116890,65319
634,1734094376580,1734094560829,17,2174,2537680,3258,117873,64742
635,1734094376580,1734094560752,19,2464,2886685,3693,115062,67638
636,1734094376577,1734094560762,19,2448,2863105,3669,115368,67217
637,1734094376598,1734094560754,19,2380,2762885,3567,115661,66458
638,1734094376576,1734094560751,19,2388,2774677,3579,116098,66336
639,1734094376579,1734094560756,19,2366,2749251,3546,115724,66648
640,1734094376577,1734094560814,19,2376,2756990,3561,115496,66821
641,1734094376579,1734094560596,18,2224,2594033,3333,114531,66703
642,1734094376598,1734094560671,18,2226,2594503,3336,115444,66305
643,1734094376578,1734094560767,18,2296,2678284,3441,114305,68059
644,1734094376598,1734094560657,18,2230,2595445,3342,114871,67038
645,1734094376579,1734094560836,17,2172,2534732,3255,116781,65835
646,1734094376579,1734094560766,18,2228,2594974,3339,116779,65887
647,1734094376580,1734094560836,18,2236,2596855,3351,114786,67315
648,1734094376580,1734094560818,18,2256,2619333,3381,114945,67557
649,1734094376597,1734094560639,18,2308,2695971,3459,114637,67870
650,1734094376597,1734094560766,18,2222,2593561,3330,116160,66139
651,1734094376597,1734094560767,18,2232,2595915,3345,115264,66934
652,1734094376596,1734094560831,17,2206,2584839,3306,116177,65628
653,1734094376597,1734094560680,17,2196,2570104,3291,116139,66269
654,1734094376581,1734094560834,17,2188,2558313,3279,117225,64884
655,1734094376596,1734094560824,19,2384,2768781,3573,116517,65673
656,1734094376596,1734094560758,19,2376,2756990,3561,116328,66019
657,1734094376596,1734094560636,18,2314,2704814,3468,115907,66330
658,1734094376581,1734094560834,19,2418,2818890,3624,116005,66388
659,1734094376596,1734094560639,19,2388,2774677,3579,116255,66141
660,1734094376581,1734094560755,19,2388,2774677,3579,116653,65978
661,1734094376596,1734094560752,18,2238,2597326,3354,115497,66711
662,1734094376581,1734094560804,18,2244,2601646,3363,115577,66905
663,1734094376582,1734094560799,18,2292,2672389,3435,115107,67716
664,1734094376595,1734094560683,17,2162,2519993,3240,118117,64657
665,1734094376582,1734094560851,17,2198,2573052,3294,116638,65737
666,1734094376582,1734094560648,17,2208,2587786,3309,115657,66758
667,1734094376595,1734094560749,18,2274,2645862,3408,115524,67105
668,1734094376582,1734094560775,18,2232,2595915,3345,115115,67258
669,1734094376595,1734094560817,18,2290,2669441,3432,115220,67226
670,1734094376582,1734094560750,18,2250,2610489,3372,116328,66273
671,1734094376595,1734094560817,17,2170,2531784,3252,116321,65391
672,1734094376582,1734094560641,17,2178,2543575,3264,116254,65838
673,1734094376595,1734094560635,18,2228,2594974,3339,115766,66496
674,1734094376601,1734094560748,17,2210,2590732,3312,116542,65844
675,1734094376595,1734094560759,19,2412,2810049,3615,115974,66412
676,1734094376595,1734094560823,19,2428,2833628,3639,115273,67213
677,1734094376595,1734094560762,19,2368,2749722,3549,115870,66557
678,1734094376583,1734094560841,19,2380,2762885,3567,116117,66436
679,1734094376595,1734094560648,19,2396,2786467,3591,115723,66767
680,1734094376583,1734094560764,19,2418,2818890,3624,115626,66890
681,1734094376583,1734094560828,18,2288,2666494,3429,114684,67892
682,1734094376594,1734094560837,18,2226,2594503,3336,115040,66976
683,1734094376594,1734094560805,18,2226,2594503,3336,116251,66302
684,1734094376594,1734094560826,17,2152,2505257,3225,116312,65631
685,1734094376594,1734094560749,17,2174,2537680,3258,115964,66203
686,1734094376593,1734094560837,18,2218,2592618,3324,116037,66883
687,1734094376584,1734094560747,18,2240,2598265,3360,114892,67192
688,1734094376583,1734094560829,18,2250,2610489,3372,116080,66184
689,1734094376584,1734094560593,18,2266,2634071,3396,115271,67404
690,1734094376584,1734094560648,18,2230,2595445,3342,116023,66563
691,1734094376593,1734094560851,17,2196,2570104,3291,115402,66512
692,1734094376593,1734094560830,17,2196,2570104,3291,116428,66193
693,1734094376611,1734094560827,17,2160,2517045,3237,115748,66259
694,1734094376592,1734094560802,17,2184,2552418,3273,116330,66033
695,1734094376593,1734094560780,19,2438,2848367,3654,114914,67235
696,1734094376592,1734094560800,19,2376,2756990,3561,116709,65634
697,1734094376593,1734094560761,18,2318,2710709,3474,116017,66104
698,1734094376592,1734094560639,19,2390,2777624,3582,115901,66366
699,1734094376612,1734094560817,19,2380,2762885,3567,116455,65971
700,1734094376611,1734094560760,19,2384,2768781,3573,116356,66137
701,1734094376591,1734094560636,18,2232,2595915,3345,116168,66171
702,1734094376591,1734094560670,18,2308,2695971,3459,114014,68244
703,1734094376591,1734094560765,18,2240,2597796,3357,114432,67037
704,1734094376584,1734094560651,17,2208,2587786,3309,116423,65951
705,1734094376590,1734094560827,17,2210,2590732,3312,116478,65996
706,1734094376585,1734094560830,18,2232,2595915,3345,116148,66589
707,1734094376585,1734094560832,18,2222,2593561,3330,115737,65697
708,1734094376590,1734094560760,18,2240,2598265,3360,116143,66631
709,1734094376590,1734094560766,18,2232,2595915,3345,115837,66324
710,1734094376586,1734094560812,18,2288,2666494,3429,114148,68166
711,1734094376590,1734094560649,18,2246,2604594,3366,115381,67108
712,1734094376590,1734094560828,17,2202,2578946,3300,115889,66328
713,1734094376590,1734094560805,18,2224,2594033,3333,115536,66859
714,1734094376590,1734094560854,17,2190,2561261,3282,115835,65738
715,1734094376589,1734094560763,19,2404,2798258,3603,115828,66550
716,1734094376585,1734094560763,19,2366,2749251,3546,115727,66704
717,1734094376589,1734094560644,19,2416,2815943,3621,116170,66397
718,1734094376585,1734094560817,19,2462,2883738,3690,115508,67219
719,1734094376589,1734094560826,19,2380,2762885,3567,115518,66612
720,1734094376585,1734094560758,19,2412,2810049,3615,115989,66571
721,1734094376586,1734094560599,18,2228,2594974,3339,115909,66611
722,1734094376586,1734094560836,18,2274,2645862,3408,114888,67760
723,1734094376589,1734094560800,18,2268,2637019,3399,115244,67369
724,1734094376587,1734094560647,18,2234,2596385,3348,115972,66850
725,1734094376587,1734094560807,17,2198,2573052,3294,116484,65844
726,1734094376588,1734094560838,18,2222,2593561,3330,115635,66709
727,1734094376612,1734094560841,18,2268,2637019,3399,114307,67469
728,1734094376587,1734094560804,18,2268,2637019,3399,114863,67858
729,1734094376588,1734094560819,18,2260,2625228,3387,114560,67681
730,1734094376588,1734094560689,17,2208,2587786,3309,116370,66243
731,1734094376612,1734094560826,18,2248,2607542,3369,115654,66898
732,1734094376612,1734094560802,17,2210,2590732,3312,116058,66391
733,1734094376612,1734094560597,17,2200,2575999,3297,115797,66743
734,1734094376588,1734094560830,18,2246,2604594,3366,115556,66675
735,1734094376588,1734094560640,19,2454,2871949,3678,115489,67132
736,1734094376612,1734094560810,18,2328,2725448,3489,116329,65839
737,1734094376612,1734094560637,19,2392,2780572,3585,115732,66672
738,1734094376588,1734094560857,19,2404,2798258,3603,116449,66046
739,1734094376588,1734094560831,19,2384,2768781,3573,115527,66608
740,1734094376612,1734094560751,19,2370,2750192,3552,115874,66476
741,1734094376612,1734094560817,18,2250,2610489,3372,114169,68089
742,1734094376589,1734094560837,18,2226,2594503,3336,115711,66594
743,1734094376612,1734094560855,18,2294,2675337,3438,114382,68021
744,1734094376612,1734094560658,17,2186,2555365,3276,116673,65668
745,1734094376589,1734094560653,17,2158,2514098,3234,116018,66005
746,1734094376612,1734094560670,17,2172,2534732,3255,116703,65663
747,1734094376612,1734094560648,18,2236,2596855,3351,115747,66680
748,1734094376612,1734094560652,18,2244,2601646,3363,115031,67197
749,1734094376612,1734094560835,18,2274,2645862,3408,114766,67242
750,1734094376589,1734094560827,18,2240,2597796,3357,114634,67894
751,1734094376589,1734094560832,17,2204,2581893,3303,116554,65528
752,1734094376612,1734094560648,17,2206,2584839,3306,116631,65934
753,1734094376612,1734094560829,17,2210,2590732,3312,114946,66404
754,1734094376614,1734094560745,18,2218,2592618,3324,115418,66924
755,1734094376590,1734094560831,19,2434,2842472,3648,115131,67479
756,1734094376612,1734094560642,19,2384,2768781,3573,116439,66054
757,1734094376590,1734094560645,19,2376,2756990,3561,116060,66251
758,1734094376612,1734094560872,19,2376,2756990,3561,116253,66370
759,1734094376612,1734094560823,19,2366,2749251,3546,116445,66071
760,1734094376590,1734094560759,19,2398,2789415,3594,116174,66304
761,1734094376612,1734094560799,18,2278,2651757,3414,114900,67799
762,1734094376612,1734094560812,18,2240,2597796,3357,114841,66715
763,1734094376612,1734094560657,18,2240,2597796,3357,115141,67488
764,1734094376614,1734094560824,17,2200,2575999,3297,116289,66222
765,1734094376590,1734094560804,17,2184,2552418,3273,115820,65736
766,1734094376590,1734094560826,17,2166,2525888,3246,116226,65775
767,1734094376605,1734094560768,17,2200,2575999,3297,117553,64940
768,1734094376608,1734094560800,18,2284,2660600,3423,114922,67723
769,1734094376612,1734094560816,18,2250,2610489,3372,115824,66680
770,1734094376610,1734094560811,17,2210,2590732,3312,115460,66791
771,1734094376607,1734094560670,17,2166,2525888,3246,116010,66496
772,1734094376592,1734094560838,18,2228,2594974,3339,115630,66927
773,1734094376592,1734094560741,17,2184,2552418,3273,116726,65674
774,1734094376611,1734094560811,18,2232,2595915,3345,115527,67299
775,1734094376611,1734094560762,19,2368,2749722,3549,115979,66434
776,1734094376611,1734094560756,19,2390,2777624,3582,115942,66204
777,1734094376592,1734094560655,19,2440,2851314,3657,114793,67561
778,1734094376591,1734094560762,20,2476,2896938,3711,114486,68004
779,1734094376591,1734094560752,19,2408,2804153,3609,116092,66227
780,1734094376605,1734094560759,19,2394,2783520,3588,116010,66137
781,1734094376614,1734094560837,18,2226,2594503,3336,114445,67146
782,1734094376611,1734094560824,18,2220,2593090,3327,115614,66710
783,1734094376611,1734094560874,18,2246,2604594,3366,114387,67536
784,1734094376611,1734094560741,18,2226,2594503,3336,115941,66552
785,1734094376592,1734094560822,18,2244,2601646,3363,116523,66345
786,1734094376611,1734094560824,17,2190,2561261,3282,117378,65296
787,1734094376615,1734094560819,18,2240,2597796,3357,115641,66916
788,1734094376592,1734094560819,18,2220,2593090,3327,116784,65797
789,1734094376610,1734094560827,18,2218,2592618,3324,116659,65959
790,1734094376610,1734094560798,18,2246,2604594,3366,115036,67791
791,1734094376609,1734094560690,17,2188,2558313,3279,116842,65802
792,1734094376608,1734094560642,17,2184,2552418,3273,116255,65943
793,1734094376606,1734094560823,17,2206,2584839,3306,115392,67142
794,1734094376606,1734094560760,17,2202,2578946,3300,115115,66652
795,1734094376605,1734094560811,19,2414,2812996,3618,116082,66482
796,1734094376605,1734094560849,19,2436,2845419,3651,115389,66850
797,1734094376606,1734094560866,19,2392,2780572,3585,114667,67207
798,1734094376606,1734094560750,19,2366,2749251,3546,116154,66098
799,1734094376605,1734094560753,19,2444,2857210,3663,115899,66723
800,1734094376605,1734094560831,19,2392,2780572,3585,115876,66359
801,1734094376605,1734094560815,18,2250,2610489,3372,115589,67145
802,1734094376605,1734094560651,18,2240,2597796,3357,115757,67036
803,1734094376616,1734094560843,18,2244,2601646,3363,115383,67308
804,1734094376593,1734094560829,17,2174,2537680,3258,116503,65975
805,1734094376605,1734094560786,18,2214,2591674,3318,116411,65912
806,1734094376605,1734094560808,18,2220,2593090,3327,115105,66732
807,1734094376593,1734094560752,18,2284,2660600,3423,115086,67514
808,1734094376593,1734094560832,18,2264,2631124,3393,115778,66815
809,1734094376593,1734094560755,18,2266,2634071,3396,115348,67218
810,1734094376603,1734094560876,18,2240,2598265,3360,115696,66770
811,1734094376603,1734094560765,17,2196,2570104,3291,116022,66449
812,1734094376604,1734094560810,17,2186,2555365,3276,116142,66103
813,1734094376603,1734094560750,18,2240,2597796,3357,115452,67045
814,1734094376603,1734094560749,17,2194,2567157,3288,114812,66292
815,1734094376602,1734094560752,19,2356,2746899,3531,116318,66278
816,1734094376602,1734094560832,19,2366,2749251,3546,115591,66682
817,1734094376602,1734094560800,19,2376,2756990,3561,116888,65463
818,1734094376602,1734094560763,19,2370,2750661,3555,115813,66314
819,1734094376601,1734094560803,19,2412,2810049,3615,115825,66888
820,1734094376602,1734094560762,20,2500,2902588,3747,114773,67823
821,1734094376601,1734094560818,18,2288,2666494,3429,114485,67835
822,1734094376594,1734094560828,18,2234,2596385,3348,116307,66264
823,1734094376594,1734094560771,18,2240,2598265,3360,115121,66730
824,1734094376594,1734094560802,17,2208,2587786,3309,116461,65984
825,1734094376601,1734094560765,17,2188,2558313,3279,117395,65305
826,1734094376595,1734094560746,17,2170,2531784,3252,116833,65718
827,1734094376601,1734094560823,18,2288,2666494,3429,114204,68348
828,1734094376595,1734094560670,18,2232,2595915,3345,115904,66406
829,1734094376601,1734094560752,18,2268,2637019,3399,114940,67699
830,1734094376601,1734094560648,18,2250,2610489,3372,115744,67033
831,1734094376600,1734094560654,17,2204,2581893,3303,116087,66222
832,1734094376600,1734094560647,18,2222,2593561,3330,116114,66616
833,1734094376601,1734094560697,17,2192,2564209,3285,113904,67181
834,1734094376596,1734094560831,17,2202,2578946,3300,115693,66832
835,1734094376621,1734094560867,19,2382,2765833,3570,115785,66389
836,1734094376600,1734094560832,19,2358,2747370,3534,115807,66369
837,1734094376596,1734094560652,18,2334,2734289,3498,116286,65900
838,1734094376600,1734094560762,19,2348,2745014,3519,116900,65483
839,1734094376596,1734094560598,19,2426,2830680,3636,115362,66869
840,1734094376600,1734094560838,19,2422,2824785,3630,115840,66463
841,1734094376598,1734094560847,18,2254,2616385,3378,115505,66795
842,1734094376598,1734094560812,18,2238,2597326,3354,115756,66702
843,1734094376597,1734094560768,18,2258,2622281,3384,114939,67763
844,1734094376597,1734094560855,17,2188,2558313,3279,117224,64857
845,1734094376598,1734094560786,17,2168,2528836,3249,115704,66712
846,1734094376597,1734094560834,18,2250,2610489,3372,115929,66693
847,1734094376622,1734094560768,18,2234,2596385,3348,115160,66237
848,1734094376622,1734094560768,18,2240,2598265,3360,115768,66471
849,1734094376622,1734094560816,18,2284,2660600,3423,114742,67664
850,1734094376622,1734094560766,18,2266,2634071,3396,114702,67612
851,1734094376622,1734094560635,17,2200,2575999,3297,115239,66840
852,1734094376622,1734094560670,17,2192,2564209,3285,115319,66184
853,1734094376622,1734094560839,17,2188,2558313,3279,117181,65424
854,1734094376622,1734094560759,17,2192,2564209,3285,116017,66480
855,1734094376599,1734094560842,19,2396,2786467,3591,116768,65704
856,1734094376600,1734094560801,19,2368,2749722,3549,116674,65950
857,1734094376600,1734094560752,19,2376,2756990,3561,115654,66568
858,1734094376621,1734094560750,19,2438,2848367,3654,115146,67159
859,1734094376600,1734094560814,19,2382,2765833,3570,116328,66489
860,1734094376621,1734094560655,19,2368,2749722,3549,116303,66071
861,1734094376600,1734094560766,18,2240,2598265,3360,115313,67101
862,1734094376600,1734094560803,18,2290,2669441,3432,115060,67037
863,1734094376601,1734094560797,18,2268,2637019,3399,115584,66588
864,1734094376621,1734094560820,17,2190,2561261,3282,116068,66702
865,1734094376621,1734094560857,17,2190,2561261,3282,116444,66074
866,1734094376621,1734094560829,17,2208,2587786,3309,116808,65533
867,1734094376621,1734094560813,18,2266,2634071,3396,115451,67258
868,1734094376621,1734094560838,18,2254,2616385,3378,115401,67194
869,1734094376622,1734094560595,18,2216,2592146,3321,115995,66314
870,1734094376621,1734094560838,18,2232,2595915,3345,114707,67740
871,1734094376601,1734094560651,17,2190,2561261,3282,116070,66079
872,1734094376622,1734094560801,17,2166,2525888,3246,115677,65765
873,1734094376620,1734094560767,17,2198,2573052,3294,116378,65831
874,1734094376620,1734094560741,17,2194,2567157,3288,115619,66596
875,1734094376620,1734094560759,19,2438,2848367,3654,114744,67534
876,1734094376620,1734094560655,19,2374,2754042,3558,115700,66384
877,1734094376620,1734094560811,19,2366,2749251,3546,116425,65930
878,1734094376620,1734094560801,19,2368,2749722,3549,115934,66414
879,1734094376601,1734094560811,19,2418,2818890,3624,115691,67009
880,1734094376619,1734094560750,19,2388,2774677,3579,115676,66812
881,1734094376620,1734094560838,18,2302,2687128,3450,114624,67952
882,1734094376620,1734094560647,18,2306,2693023,3456,114310,67719
883,1734094376620,1734094560651,18,2268,2637019,3399,115417,67242
884,1734094376620,1734094560651,17,2182,2549470,3270,116476,66064
885,1734094376619,1734094560838,18,2244,2601646,3363,115357,67058
886,1734094376619,1734094560651,17,2186,2555365,3276,116670,65823
887,1734094376619,1734094560825,18,2296,2678284,3441,114613,67674
888,1734094376619,1734094560837,18,2256,2619333,3381,115034,67406
889,1734094376618,1734094560596,18,2262,2628176,3390,114816,67516
890,1734094376618,1734094560818,18,2292,2672389,3435,115049,67602
891,1734094376618,1734094560832,18,2214,2591674,3318,115463,66650
892,1734094376618,1734094560757,17,2166,2525888,3246,116257,65845
893,1734094376601,1734094560801,17,2158,2514098,3234,115446,66129
894,1734094376618,1734094560831,18,2226,2594503,3336,115646,66390
895,1734094376618,1734094560804,19,2394,2783520,3588,115731,66949
896,1734094376617,1734094560841,19,2374,2754042,3558,116164,66380
897,1734094376618,1734094560784,19,2396,2786467,3591,115790,66567
898,1734094376617,1734094560643,19,2436,2845419,3651,115412,67159
899,1734094376617,1734094560759,18,2320,2713657,3477,116267,65762
900,1734094376617,1734094560829,19,2434,2842472,3648,114586,67487
901,1734094376617,1734094560798,18,2244,2601646,3363,115989,66087
902,1734094376617,1734094560671,18,2244,2601646,3363,115494,67395
903,1734094376617,1734094560836,18,2272,2642915,3405,115609,66900
904,1734094376617,1734094560650,17,2190,2561261,3282,116026,65898
905,1734094376617,1734094560828,17,2158,2514098,3234,116706,65723
906,1734094376617,1734094560777,17,2176,2540627,3261,117521,64694
907,1734094376603,1734094560768,18,2234,2596385,3348,116212,66293
908,1734094376602,1734094560819,18,2248,2607542,3369,114785,67488
909,1734094376602,1734094560765,18,2266,2634071,3396,115320,66874
910,1734094376602,1734094560754,18,2238,2597326,3354,115222,67142
911,1734094376603,1734094560650,18,2240,2597796,3357,115855,66583
912,1734094376604,1734094560671,17,2172,2534732,3255,117104,65580
913,1734094376603,1734094560654,17,2166,2525888,3246,116248,65486
914,1734094376617,1734094560773,17,2162,2519993,3240,116765,65503
915,1734094376604,1734094560636,19,2388,2774677,3579,115134,66882
916,1734094376616,1734094560675,19,2374,2754042,3558,116725,65911
917,1734094376616,1734094560645,19,2376,2756990,3561,116203,66304
918,1734094376604,1734094560803,19,2428,2833628,3639,116035,66432
919,1734094376616,1734094560757,19,2414,2812996,3618,115086,67236
920,1734094376604,1734094560820,19,2348,2745014,3519,116523,66034
921,1734094376622,1734094560811,18,2274,2645862,3408,114314,67736
922,1734094376616,1734094560765,18,2212,2591203,3315,115767,66027
923,1734094376605,1734094560649,18,2270,2639967,3402,114848,67311
924,1734094376616,1734094560823,17,2184,2552418,3273,115150,66068
925,1734094376616,1734094560856,17,2206,2584839,3306,115708,66747
926,1734094376616,1734094560802,17,2170,2531784,3252,117231,65083
927,1734094376605,1734094560797,18,2276,2648810,3411,113963,68544
928,1734094376605,1734094560835,18,2300,2684180,3447,114508,67789
929,1734094376616,1734094560594,17,2188,2558313,3279,116147,65930
930,1734094376605,1734094560771,18,2240,2598265,3360,116023,66393
931,1734094376616,1734094560642,17,2166,2525888,3246,116437,65769
932,1734094376616,1734094560593,18,2212,2591203,3315,115880,66411
933,1734094376605,1734094560765,17,2194,2567157,3288,116293,65994
934,1734094376605,1734094560599,17,2176,2540627,3261,116413,65306
935,1734094376616,1734094560810,19,2358,2747370,3534,116554,65754
936,1734094376616,1734094560751,19,2364,2748781,3543,116246,66070
937,1734094376605,1734094560755,19,2394,2783520,3588,116181,66180
938,1734094376605,1734094560752,19,2430,2836576,3642,115110,67203
939,1734094376605,1734094560812,19,2394,2783520,3588,115048,67290
940,1734094376616,1734094560826,19,2382,2765833,3570,116040,66251
941,1734094376616,1734094560751,18,2270,2639967,3402,114923,67589
942,1734094376616,1734094560659,17,2204,2581893,3303,116410,65952
943,1734094376616,1734094560763,17,2204,2581893,3303,116391,65848
944,1734094376615,1734094560598,18,2214,2591674,3318,115991,66460
945,1734094376606,1734094560816,18,2230,2595445,3342,116265,66175
946,1734094376615,1734094560635,17,2200,2575999,3297,115486,66333
947,1734094376606,1734094560808,18,2248,2607542,3369,115801,67006
948,1734094376606,1734094560803,18,2282,2657653,3420,115228,67554
949,1734094376622,1734094560642,18,2272,2642915,3405,115191,67242
950,1734094376606,1734094560872,18,2268,2637019,3399,114623,68023
951,1734094376607,1734094560760,17,2162,2519993,3240,116957,64970
952,1734094376615,1734094560842,18,2254,2616385,3378,115164,67454
953,1734094376607,1734094560819,18,2238,2597326,3354,115714,66556
954,1734094376607,1734094560821,17,2190,2561261,3282,116474,65654
955,1734094376607,1734094560839,19,2422,2824785,3630,115070,67377
956,1734094376607,1734094560839,19,2368,2749722,3549,116250,66238
957,1734094376607,1734094560839,19,2396,2786467,3591,116147,66196
958,1734094376607,1734094560830,19,2402,2795311,3600,115634,66805
959,1734094376615,1734094560757,19,2366,2749251,3546,116293,66239
960,1734094376607,1734094560643,18,2290,2669441,3432,117298,65078
961,1734094376615,1734094560842,18,2266,2634071,3396,115323,67362
962,1734094376615,1734094560805,18,2218,2592618,3324,115602,66820
963,1734094376608,1734094560797,18,2238,2597326,3354,116075,66641
964,1734094376609,1734094560800,17,2164,2522941,3243,116474,65413
965,1734094376610,1734094560841,17,2148,2499361,3219,116388,65609
966,1734094376615,1734094560650,17,2174,2537680,3258,115224,65804
967,1734094376615,1734094560654,18,2214,2591674,3318,114826,67390
968,1734094376615,1734094560829,18,2274,2645862,3408,115605,66975
969,1734094376610,1734094560636,18,2312,2701866,3465,114078,68390
970,1734094376610,1734094560816,18,2234,2596385,3348,115221,66948
971,1734094376615,1734094560653,17,2168,2528836,3249,115274,66656
972,1734094376611,1734094560636,17,2196,2570104,3291,115291,66252
973,1734094376611,1734094560658,18,2230,2595445,3342,114971,67324
974,1734094376615,1734094560654,17,2198,2573052,3294,116368,66138
975,1734094376614,1734094560753,19,2396,2786467,3591,115959,66453
976,1734094376611,1734094560764,19,2392,2780572,3585,114777,67431
977,1734094376614,1734094560640,19,2392,2780572,3585,116266,66125
978,1734094376611,1734094560802,19,2368,2749722,3549,115965,66576
979,1734094376611,1734094560755,19,2416,2815943,3621,115805,66441
980,1734094376614,1734094560754,19,2356,2746899,3531,115936,66113
981,1734094376611,1734094560819,18,2276,2648810,3411,114679,67715
982,1734094376614,1734094560650,18,2230,2595445,3342,116106,66471
983,1734094376614,1734094560752,18,2216,2592146,3321,115130,67368
984,1734094376622,1734094560801,18,2234,2596385,3348,114437,67783
985,1734094376622,1734094560597,18,2232,2595915,3345,115066,66952
986,1734094376614,1734094560825,17,2182,2549470,3270,115897,65949
987,1734094376611,1734094560830,18,2238,2597326,3354,114974,66886
988,1734094376614,1734094560658,18,2234,2596385,3348,115284,67286
989,1734094376611,1734094560683,18,2254,2616385,3378,114609,67704
990,1734094376614,1734094560661,18,2264,2631124,3393,115437,66999
991,1734094376611,1734094560832,17,2178,2543575,3264,116707,65434
992,1734094376614,1734094560821,17,2192,2564209,3285,116164,65513
993,1734094376612,1734094560829,18,2212,2591203,3315,116342,66426
994,1734094376614,1734094560866,17,2210,2590732,3312,116382,66079
995,1734094376612,1734094560800,19,2374,2754042,3558,116000,66116
996,1734094376614,1734094560759,19,2380,2762885,3567,115711,66592
997,1734094376614,1734094560841,19,2462,2883738,3690,114916,67736
998,1734094376614,1734094560755,19,2414,2812996,3618,115771,66535
999,1734094376614,1734094560839,19,2374,2754042,3558,116066,66399
